source,target,count
050010,050010,10
264 bay state road,64 cummington street,1
64 cummington street,264 bay state road,1
Academy of federal penitentiary service of russia,Academy of federal penitentiary service of russia,3
Academy of federal penitentiary service of russia,Daffodil international university,3
Daffodil international university,Academy of federal penitentiary service of russia,3
Academy of federal penitentiary service of russia,Russian federation,3
Russian federation,Academy of federal penitentiary service of russia,3
Academy of federal penitentiary service of russia,Vologda institute of law and economics of federal penitentiary service of russia,3
Vologda institute of law and economics of federal penitentiary service of russia,Academy of federal penitentiary service of russia,3
Afghanistan,Afghanistan,4
Afghanistan,Russian federation,6
Russian federation,Afghanistan,6
Afghanistan,United states,1
United states,Afghanistan,1
Aga-khan foundation in kyrgyzstan,Aga-khan foundation in kyrgyzstan,3
Aga-khan foundation in kyrgyzstan,Empirica research and consultancy institute,6
Empirica research and consultancy institute,Aga-khan foundation in kyrgyzstan,6
Al-farabi kazakh national university,Al-farabi kazakh national university,1
Al-farabi kazakh national university,Kazakhstan,2
Kazakhstan,Al-farabi kazakh national university,2
Albania,Albania,1
Albania,Austria,3
Austria,Albania,3
Albania,Belgium,2
Belgium,Albania,2
Albania,Czech republic,4
Czech republic,Albania,4
Albania,Denmark,3
Denmark,Albania,3
Albania,Estonia,1
Estonia,Albania,1
Albania,France,1
France,Albania,1
Albania,Germany,9
Germany,Albania,9
Albania,Greece,3
Greece,Albania,3
Albania,Hungary,3
Hungary,Albania,3
Albania,Italy,3
Italy,Albania,3
Albania,Latvia,1
Latvia,Albania,1
Albania,Lithuania,2
Lithuania,Albania,2
Albania,Luxembourg,1
Luxembourg,Albania,1
Albania,Malta,2
Malta,Albania,2
Albania,Netherlands,2
Netherlands,Albania,2
Albania,Norway,2
Norway,Albania,2
Albania,Poland,6
Poland,Albania,6
Albania,Portugal,3
Portugal,Albania,3
Albania,Romania,3
Romania,Albania,3
Albania,Slovakia,1
Slovakia,Albania,1
Albania,Slovenia,2
Slovenia,Albania,2
Albania,Spain,4
Spain,Albania,4
Albania,Sweden,1
Sweden,Albania,1
Albania,Switzerland,3
Switzerland,Albania,3
Albania,Ukraine,1
Ukraine,Albania,1
Albania,United kingdom,4
United kingdom,Albania,4
Albania,United states,4
United states,Albania,4
Algeria,Algeria,1
Algeria,Switzerland,1
Switzerland,Algeria,1
Algeria,United states,1
United states,Algeria,1
Almaty,Almaty,10
American university of central asia,Humboldt university,1
Humboldt university,American university of central asia,1
American university of central asia,Kyrgyzstan,4
Kyrgyzstan,American university of central asia,4
American university of central asia,United states,2
United states,American university of central asia,2
Archives d'état de la fédération de russie (moscou),Archives d'état de la fédération de russie (moscou),1
Argentina,Argentina,4
Argentina,Finland,2
Finland,Argentina,2
Argentina,Germany,5
Germany,Argentina,5
Argentina,Hungary,2
Hungary,Argentina,2
Argentina,Italy,1
Italy,Argentina,1
Argentina,Japan,2
Japan,Argentina,2
Argentina,Lithuania,2
Lithuania,Argentina,2
Argentina,Madagascar,6
Madagascar,Argentina,6
Argentina,Romania,2
Romania,Argentina,2
Argentina,Russian federation,9
Russian federation,Argentina,9
Argentina,Sweden,2
Sweden,Argentina,2
Argentina,United states,7
United states,Argentina,7
Armenia,Argentina,1
Argentina,Armenia,1
Armenia,Armenia,72
Armenia,Austria,11
Austria,Armenia,11
Armenia,France,6
France,Armenia,6
Armenia,Germany,9
Germany,Armenia,9
Armenia,Italy,15
Italy,Armenia,15
Armenia,Kyrgyzstan,1
Kyrgyzstan,Armenia,1
Armenia,Netherlands,5
Netherlands,Armenia,5
Armenia,Russian federation,25
Russian federation,Armenia,25
Armenia,United kingdom,29
United kingdom,Armenia,29
Armenia,United states,52
United states,Armenia,52
Associate member of sage (umr cnrs 7363),Hungary,1
Hungary,Associate member of sage (umr cnrs 7363),1
Associate member of sage (umr cnrs 7363),United kingdom,1
United kingdom,Associate member of sage (umr cnrs 7363),1
Austin,United states,1
United states,Austin,1
Australia,Argentina,2
Argentina,Australia,2
Australia,Australia,105
Australia,Austria,1
Austria,Australia,1
Australia,Belgium,1
Belgium,Australia,1
Australia,Brazil,1
Brazil,Australia,1
Australia,Canada,6
Canada,Australia,6
Australia,Chile,1
Chile,Australia,1
Australia,Czech republic,2
Czech republic,Australia,2
Australia,Denmark,5
Denmark,Australia,5
Australia,Ecuador,1
Ecuador,Australia,1
Australia,Estonia,3
Estonia,Australia,3
Australia,Finland,5
Finland,Australia,5
Australia,French polynesia,1
French polynesia,Australia,1
Australia,Germany,7
Germany,Australia,7
Australia,Hong kong,1
Hong kong,Australia,1
Australia,Hungary,2
Hungary,Australia,2
Australia,Japan,3
Japan,Australia,3
Australia,Jordan,1
Jordan,Australia,1
Australia,Kazakhstan,12
Kazakhstan,Australia,12
Australia,Lithuania,2
Lithuania,Australia,2
Australia,Madagascar,3
Madagascar,Australia,3
Australia,Moldova,1
Moldova,Australia,1
Australia,Mongolia,12
Mongolia,Australia,12
Australia,Netherlands,3
Netherlands,Australia,3
Australia,New zealand,4
New zealand,Australia,4
Australia,Norway,2
Norway,Australia,2
Australia,Philippines,1
Philippines,Australia,1
Australia,Romania,9
Romania,Australia,9
Australia,Russian federation,26
Russian federation,Australia,26
Australia,Serbia,1
Serbia,Australia,1
Australia,Slovakia,1
Slovakia,Australia,1
Australia,South africa,1
South africa,Australia,1
Australia,South korea,2
South korea,Australia,2
Australia,Sweden,3
Sweden,Australia,3
Australia,Switzerland,2
Switzerland,Australia,2
Australia,Turkey,2
Turkey,Australia,2
Australia,Ukraine,4
Ukraine,Australia,4
Australia,United kingdom,42
United kingdom,Australia,42
Australia,United states,51
United states,Australia,51
Australia,University of melbourne,1
University of melbourne,Australia,1
Australia,Viet nam,3
Viet nam,Australia,3
Austria,Austria,100
Austria,Belarus,2
Belarus,Austria,2
Austria,China,2
China,Austria,2
Austria,Denmark,9
Denmark,Austria,9
Austria,Estonia,5
Estonia,Austria,5
Austria,Finland,10
Finland,Austria,10
Austria,France,4
France,Austria,4
Austria,Georgia,5
Georgia,Austria,5
Austria,Germany,46
Germany,Austria,46
Austria,Hungary,5
Hungary,Austria,5
Austria,Israel,6
Israel,Austria,6
Austria,Italy,6
Italy,Austria,6
Austria,Kazakhstan,1
Kazakhstan,Austria,1
Austria,Malta,6
Malta,Austria,6
Austria,Mexico,7
Mexico,Austria,7
Austria,Netherlands,9
Netherlands,Austria,9
Austria,New zealand,7
New zealand,Austria,7
Austria,Norway,10
Norway,Austria,10
Austria,Poland,16
Poland,Austria,16
Austria,Romania,3
Romania,Austria,3
Austria,Russian federation,65
Russian federation,Austria,65
Austria,Slovenia,6
Slovenia,Austria,6
Austria,Spain,4
Spain,Austria,4
Austria,Sweden,8
Sweden,Austria,8
Austria,Switzerland,8
Switzerland,Austria,8
Austria,Ukraine,8
Ukraine,Austria,8
Austria,United kingdom,33
United kingdom,Austria,33
Austria,United states,27
United states,Austria,27
Austria,Uzbekistan,2
Uzbekistan,Austria,2
Azad islamic university,Azad islamic university,1
Azad islamic university,Iran,3
Iran,Azad islamic university,3
Azad university,University of tarbiat modares,1
University of tarbiat modares,Azad university,1
Azerbaijan,Azerbaijan,61
Azerbaijan,France,5
France,Azerbaijan,5
Azerbaijan,Germany,3
Germany,Azerbaijan,3
Azerbaijan,Israel,1
Israel,Azerbaijan,1
Azerbaijan,Japan,3
Japan,Azerbaijan,3
Azerbaijan,Netherlands,2
Netherlands,Azerbaijan,2
Azerbaijan,Poland,4
Poland,Azerbaijan,4
Azerbaijan,Russian federation,7
Russian federation,Azerbaijan,7
Azerbaijan,Turkey,7
Turkey,Azerbaijan,7
Azerbaijan,Ukraine,3
Ukraine,Azerbaijan,3
Azerbaijan,United arab emirates,2
United arab emirates,Azerbaijan,2
Azerbaijan,United states,18
United states,Azerbaijan,18
Bangladesh,Bangladesh,6
Belarus,Belarus,74
Belarus,Estonia,12
Estonia,Belarus,12
Belarus,Finland,6
Finland,Belarus,6
Belarus,Germany,7
Germany,Belarus,7
Belarus,Hungary,1
Hungary,Belarus,1
Belarus,Italy,30
Italy,Belarus,30
Belarus,Japan,2
Japan,Belarus,2
Belarus,Kazakhstan,6
Kazakhstan,Belarus,6
Belarus,Moldova,1
Moldova,Belarus,1
Belarus,Norway,1
Norway,Belarus,1
Belarus,Russian federation,196
Russian federation,Belarus,196
Belarus,Slovakia,1
Slovakia,Belarus,1
Belarus,Spain,3
Spain,Belarus,3
Belarus,Ukraine,27
Ukraine,Belarus,27
Belarus,United kingdom,10
United kingdom,Belarus,10
Belarus,United states,13
United states,Belarus,13
Belgium,Austria,7
Austria,Belgium,7
Belgium,Belgium,41
Belgium,Canada,1
Canada,Belgium,1
Belgium,China,8
China,Belgium,8
Belgium,Czech republic,6
Czech republic,Belgium,6
Belgium,Denmark,6
Denmark,Belgium,6
Belgium,Estonia,2
Estonia,Belgium,2
Belgium,France,3
France,Belgium,3
Belgium,Germany,21
Germany,Belgium,21
Belgium,Greece,6
Greece,Belgium,6
Belgium,Hungary,3
Hungary,Belgium,3
Belgium,Japan,1
Japan,Belgium,1
Belgium,Latvia,2
Latvia,Belgium,2
Belgium,Luxembourg,2
Luxembourg,Belgium,2
Belgium,Malta,4
Malta,Belgium,4
Belgium,Netherlands,8
Netherlands,Belgium,8
Belgium,Norway,6
Norway,Belgium,6
Belgium,Poland,6
Poland,Belgium,6
Belgium,Romania,2
Romania,Belgium,2
Belgium,Russian federation,4
Russian federation,Belgium,4
Belgium,Slovakia,2
Slovakia,Belgium,2
Belgium,Slovenia,4
Slovenia,Belgium,4
Belgium,Spain,5
Spain,Belgium,5
Belgium,Sweden,4
Sweden,Belgium,4
Belgium,Switzerland,4
Switzerland,Belgium,4
Belgium,Ukraine,7
Ukraine,Belgium,7
Belgium,United kingdom,17
United kingdom,Belgium,17
Belgium,United states,8
United states,Belgium,8
Ben-gurion university of the negev,Ben-gurion university of the negev,1
Ben-gurion university of the negev,Israel,2
Israel,Ben-gurion university of the negev,2
Bioquímica clínica,Cuba,2
Cuba,Bioquímica clínica,2
Bosnia and herzegovina,Bosnia and herzegovina,1
Brazil,Belgium,1
Belgium,Brazil,1
Brazil,Brazil,99
Brazil,Canada,1
Canada,Brazil,1
Brazil,Germany,8
Germany,Brazil,8
Brazil,Russian federation,1
Russian federation,Brazil,1
Brazil,Turkey,1
Turkey,Brazil,1
Brazil,United states,12
United states,Brazil,12
Bulgaria,Argentina,2
Argentina,Bulgaria,2
Bulgaria,Australia,1
Australia,Bulgaria,1
Bulgaria,Bulgaria,12
Bulgaria,Canada,2
Canada,Bulgaria,2
Bulgaria,Czech republic,2
Czech republic,Bulgaria,2
Bulgaria,Ecuador,1
Ecuador,Bulgaria,1
Bulgaria,Finland,1
Finland,Bulgaria,1
Bulgaria,France,1
France,Bulgaria,1
Bulgaria,Germany,5
Germany,Bulgaria,5
Bulgaria,Hungary,3
Hungary,Bulgaria,3
Bulgaria,Japan,1
Japan,Bulgaria,1
Bulgaria,Lithuania,4
Lithuania,Bulgaria,4
Bulgaria,Madagascar,3
Madagascar,Bulgaria,3
Bulgaria,Moldova,1
Moldova,Bulgaria,1
Bulgaria,New zealand,2
New zealand,Bulgaria,2
Bulgaria,Philippines,1
Philippines,Bulgaria,1
Bulgaria,Poland,1
Poland,Bulgaria,1
Bulgaria,Romania,1
Romania,Bulgaria,1
Bulgaria,Russian federation,17
Russian federation,Bulgaria,17
Bulgaria,Serbia,1
Serbia,Bulgaria,1
Bulgaria,Slovakia,1
Slovakia,Bulgaria,1
Bulgaria,Spain,2
Spain,Bulgaria,2
Bulgaria,Sweden,1
Sweden,Bulgaria,1
Bulgaria,Switzerland,1
Switzerland,Bulgaria,1
Bulgaria,Tajikistan,1
Tajikistan,Bulgaria,1
Bulgaria,Ukraine,8
Ukraine,Bulgaria,8
Bulgaria,United kingdom,1
United kingdom,Bulgaria,1
Bulgaria,United states,7
United states,Bulgaria,7
Bulgaria,University of florida,4
University of florida,Bulgaria,4
Cameroon,Cameroon,3
Cameroon,Senegal,1
Senegal,Cameroon,1
Canada,Armenia,3
Armenia,Canada,3
Canada,Belarus,1
Belarus,Canada,1
Canada,Canada,158
Canada,China,2
China,Canada,2
Canada,Czech republic,1
Czech republic,Canada,1
Canada,Estonia,2
Estonia,Canada,2
Canada,Finland,1
Finland,Canada,1
Canada,France,3
France,Canada,3
Canada,Georgia,5
Georgia,Canada,5
Canada,Germany,18
Germany,Canada,18
Canada,Hungary,1
Hungary,Canada,1
Canada,India,14
India,Canada,14
Canada,International law association,1
International law association,Canada,1
Canada,Iran,4
Iran,Canada,4
Canada,Ireland,1
Ireland,Canada,1
Canada,Israel,10
Israel,Canada,10
Canada,Italy,4
Italy,Canada,4
Canada,Kazakhstan,9
Kazakhstan,Canada,9
Canada,Kyrgyzstan,5
Kyrgyzstan,Canada,5
Canada,Latvia,2
Latvia,Canada,2
Canada,Lithuania,5
Lithuania,Canada,5
Canada,New zealand,2
New zealand,Canada,2
Canada,Norway,2
Norway,Canada,2
Canada,Poland,2
Poland,Canada,2
Canada,Russian federation,44
Russian federation,Canada,44
Canada,Saudi arabia,2
Saudi arabia,Canada,2
Canada,Serbia,1
Serbia,Canada,1
Canada,Tajikistan,1
Tajikistan,Canada,1
Canada,Ukraine,7
Ukraine,Canada,7
Canada,United kingdom,26
United kingdom,Canada,26
Canada,United states,106
United states,Canada,106
Caspian university,Caspian university,3
Caspian university,Kazakhstan,2
Kazakhstan,Caspian university,2
Center for the history of literature,Russian federation,1
Russian federation,Center for the history of literature,1
Chatham house,India,1
India,Chatham house,1
Chile,Chile,4
Chile,Italy,2
Italy,Chile,2
Chile,Switzerland,2
Switzerland,Chile,2
Chile,Tajikistan,4
Tajikistan,Chile,4
Chile,Turkey,1
Turkey,Chile,1
Chile,United kingdom,3
United kingdom,Chile,3
China,Australia,3
Australia,China,3
China,Chile,2
Chile,China,2
China,China,343
China,Cuba,1
Cuba,China,1
China,Czech republic,3
Czech republic,China,3
China,Germany,11
Germany,China,11
China,Hong kong,10
Hong kong,China,10
China,Italy,1
Italy,China,1
China,Kazakhstan,7
Kazakhstan,China,7
China,Kyrgyzstan,3
Kyrgyzstan,China,3
China,Netherlands,4
Netherlands,China,4
China,New zealand,2
New zealand,China,2
China,Pakistan,6
Pakistan,China,6
China,Poland,4
Poland,China,4
China,Russian federation,66
Russian federation,China,66
China,South africa,3
South africa,China,3
China,Sweden,4
Sweden,China,4
China,Ukraine,9
Ukraine,China,9
China,United kingdom,14
United kingdom,China,14
China,United states,53
United states,China,53
China,Uzbekistan,2
Uzbekistan,China,2
Cnrs paris-berlin,United kingdom,1
United kingdom,Cnrs paris-berlin,1
Collabore á l'emission le dessous des cartes,Brazil,1
Brazil,Collabore á l'emission le dessous des cartes,1
College of art and design,China,2
China,College of art and design,2
College of art and design,School of architecture,1
School of architecture,College of art and design,1
College of letters and science,Sweden,1
Sweden,College of letters and science,1
College of ndu,College of ndu,3
Colombia,Albania,1
Albania,Colombia,1
Colombia,Colombia,7
Colombia,Czech republic,2
Czech republic,Colombia,2
Colombia,Germany,5
Germany,Colombia,5
Colombia,Hungary,2
Hungary,Colombia,2
Colombia,Poland,3
Poland,Colombia,3
Colombia,Portugal,2
Portugal,Colombia,2
Colombia,Romania,2
Romania,Colombia,2
Colombia,Russian federation,2
Russian federation,Colombia,2
Colombia,Spain,18
Spain,Colombia,18
Colombia,Switzerland,1
Switzerland,Colombia,1
Colombia,Ukraine,1
Ukraine,Colombia,1
Colombia,United states,4
United states,Colombia,4
Croatia,Australia,1
Australia,Croatia,1
Croatia,Croatia,9
Croatia,North macedonia,2
North macedonia,Croatia,2
Croatia,Poland,2
Poland,Croatia,2
Croatia,Serbia,2
Serbia,Croatia,2
Croatia,United kingdom,4
United kingdom,Croatia,4
Cuba,Cuba,37
Cuba,Spain,2
Spain,Cuba,2
Cuba,Sweden,24
Sweden,Cuba,24
Cuba,United kingdom,4
United kingdom,Cuba,4
Cuba,United states,4
United states,Cuba,4
Cyprus,Cyprus,1
Cyprus,Greece,1
Greece,Cyprus,1
Cyprus,Lithuania,3
Lithuania,Cyprus,3
Cyprus,United kingdom,2
United kingdom,Cyprus,2
Cyprus,United states,1
United states,Cyprus,1
Czech republic,Associate member of sage (umr cnrs 7363),1
Associate member of sage (umr cnrs 7363),Czech republic,1
Czech republic,Austria,7
Austria,Czech republic,7
Czech republic,Belarus,1
Belarus,Czech republic,1
Czech republic,Czech republic,156
Czech republic,Denmark,7
Denmark,Czech republic,7
Czech republic,Estonia,4
Estonia,Czech republic,4
Czech republic,Finland,4
Finland,Czech republic,4
Czech republic,France,4
France,Czech republic,4
Czech republic,Germany,29
Germany,Czech republic,29
Czech republic,Greece,6
Greece,Czech republic,6
Czech republic,Hungary,14
Hungary,Czech republic,14
Czech republic,Iraq,2
Iraq,Czech republic,2
Czech republic,Ireland,4
Ireland,Czech republic,4
Czech republic,Italy,9
Italy,Czech republic,9
Czech republic,Kazakhstan,6
Kazakhstan,Czech republic,6
Czech republic,Latvia,2
Latvia,Czech republic,2
Czech republic,Lithuania,6
Lithuania,Czech republic,6
Czech republic,Luxembourg,2
Luxembourg,Czech republic,2
Czech republic,Malta,4
Malta,Czech republic,4
Czech republic,National research university - higher school of economics,3
National research university - higher school of economics,Czech republic,3
Czech republic,Netherlands,4
Netherlands,Czech republic,4
Czech republic,Norway,6
Norway,Czech republic,6
Czech republic,Pakistan,2
Pakistan,Czech republic,2
Czech republic,Poland,21
Poland,Czech republic,21
Czech republic,Portugal,8
Portugal,Czech republic,8
Czech republic,Romania,8
Romania,Czech republic,8
Czech republic,Russian federation,12
Russian federation,Czech republic,12
Czech republic,Serbia,2
Serbia,Czech republic,2
Czech republic,Slovakia,6
Slovakia,Czech republic,6
Czech republic,Slovenia,5
Slovenia,Czech republic,5
Czech republic,South africa,3
South africa,Czech republic,3
Czech republic,Spain,17
Spain,Czech republic,17
Czech republic,Sweden,3
Sweden,Czech republic,3
Czech republic,Switzerland,7
Switzerland,Czech republic,7
Czech republic,Ukraine,2
Ukraine,Czech republic,2
Czech republic,United kingdom,16
United kingdom,Czech republic,16
Czech republic,United states,30
United states,Czech republic,30
Czech republic,Uzbekistan,1
Uzbekistan,Czech republic,1
Denmark,Denmark,17
Denmark,Estonia,13
Estonia,Denmark,13
Denmark,Finland,5
Finland,Denmark,5
Denmark,France,4
France,Denmark,4
Denmark,Germany,13
Germany,Denmark,13
Denmark,Greece,9
Greece,Denmark,9
Denmark,Hungary,5
Hungary,Denmark,5
Denmark,Ireland,5
Ireland,Denmark,5
Denmark,Kazakhstan,1
Kazakhstan,Denmark,1
Denmark,Latvia,4
Latvia,Denmark,4
Denmark,Lithuania,6
Lithuania,Denmark,6
Denmark,Luxembourg,4
Luxembourg,Denmark,4
Denmark,Malta,6
Malta,Denmark,6
Denmark,Netherlands,7
Netherlands,Denmark,7
Denmark,Norway,7
Norway,Denmark,7
Denmark,Poland,10
Poland,Denmark,10
Denmark,Romania,3
Romania,Denmark,3
Denmark,Russian federation,9
Russian federation,Denmark,9
Denmark,Slovakia,3
Slovakia,Denmark,3
Denmark,Slovenia,6
Slovenia,Denmark,6
Denmark,Spain,3
Spain,Denmark,3
Denmark,Sweden,9
Sweden,Denmark,9
Denmark,Switzerland,6
Switzerland,Denmark,6
Denmark,United kingdom,19
United kingdom,Denmark,19
Denmark,United states,7
United states,Denmark,7
Department of constitutional and municipal law of kutafin moscow state law university (msla),Russian federation,1
Russian federation,Department of constitutional and municipal law of kutafin moscow state law university (msla),1
Department of economic and social geography of russia,Department of economic and social geography of russia,1
Department of economic and social geography of russia,Russian federation,9
Russian federation,Department of economic and social geography of russia,9
Department of economic theory,Department of physical geography and geoecology,1
Department of physical geography and geoecology,Department of economic theory,1
Dept. for international development,United kingdom,3
United kingdom,Dept. for international development,3
Deutsch bank research,World bank,1
World bank,Deutsch bank research,1
Délégation aux affaires stratégiques,Délégation aux affaires stratégiques,1
Ecuador,Argentina,2
Argentina,Ecuador,2
Ecuador,Finland,1
Finland,Ecuador,1
Ecuador,Germany,1
Germany,Ecuador,1
Ecuador,Hungary,1
Hungary,Ecuador,1
Ecuador,Japan,1
Japan,Ecuador,1
Ecuador,Lithuania,1
Lithuania,Ecuador,1
Ecuador,Madagascar,3
Madagascar,Ecuador,3
Ecuador,New zealand,2
New zealand,Ecuador,2
Ecuador,Romania,1
Romania,Ecuador,1
Ecuador,Russian federation,4
Russian federation,Ecuador,4
Ecuador,Spain,1
Spain,Ecuador,1
Ecuador,Sweden,1
Sweden,Ecuador,1
Ecuador,United states,4
United states,Ecuador,4
Egypt,Egypt,1
Egypt,Germany,2
Germany,Egypt,2
Egypt,Israel,1
Israel,Egypt,1
Egypt,Uzbekistan,2
Uzbekistan,Egypt,2
Empirica research and consultancy institute,Empirica research and consultancy institute,1
Estonia,Estonia,368
Estonia,Finland,20
Finland,Estonia,20
Estonia,France,9
France,Estonia,9
Estonia,Germany,18
Germany,Estonia,18
Estonia,Hungary,4
Hungary,Estonia,4
Estonia,Ireland,11
Ireland,Estonia,11
Estonia,Italy,7
Italy,Estonia,7
Estonia,Kazakhstan,3
Kazakhstan,Estonia,3
Estonia,Latvia,26
Latvia,Estonia,26
Estonia,Lithuania,23
Lithuania,Estonia,23
Estonia,National institute of water and atmospheric research (niwa,7
National institute of water and atmospheric research (niwa,Estonia,7
Estonia,Netherlands,16
Netherlands,Estonia,16
Estonia,New zealand,7
New zealand,Estonia,7
Estonia,Norway,6
Norway,Estonia,6
Estonia,Poland,12
Poland,Estonia,12
Estonia,Portugal,3
Portugal,Estonia,3
Estonia,Russian federation,21
Russian federation,Estonia,21
Estonia,Spain,3
Spain,Estonia,3
Estonia,Sweden,27
Sweden,Estonia,27
Estonia,Ukraine,6
Ukraine,Estonia,6
Estonia,United kingdom,48
United kingdom,Estonia,48
Estonia,United states,28
United states,Estonia,28
Estonian chamber of commerce and industry,Estonia,1
Estonia,Estonian chamber of commerce and industry,1
Ethiopia,Denmark,1
Denmark,Ethiopia,1
Ethiopia,Ethiopia,1
Ethiopia,Zimbabwe,1
Zimbabwe,Ethiopia,1
Eurasia department,School of humanities and social sciences,1
School of humanities and social sciences,Eurasia department,1
European centre of space law,European centre of space law and the french society of air and space law,1
European centre of space law and the french society of air and space law,European centre of space law,1
Faculty of humanities,Faculty of humanities,1
Faculty of humanities,United states,1
United states,Faculty of humanities,1
Finland,Al-farabi kazakh national university,2
Al-farabi kazakh national university,Finland,2
Finland,Albania,1
Albania,Finland,1
Finland,Azerbaijan,2
Azerbaijan,Finland,2
Finland,Belgium,2
Belgium,Finland,2
Finland,Finland,134
Finland,France,3
France,Finland,3
Finland,Germany,9
Germany,Finland,9
Finland,Greece,4
Greece,Finland,4
Finland,Hebrew university of jerusalem,2
Hebrew university of jerusalem,Finland,2
Finland,Hungary,4
Hungary,Finland,4
Finland,India,1
India,Finland,1
Finland,Ireland,2
Ireland,Finland,2
Finland,Israel,4
Israel,Finland,4
Finland,Japan,1
Japan,Finland,1
Finland,Kazakhstan,7
Kazakhstan,Finland,7
Finland,Kyrgyzstan,7
Kyrgyzstan,Finland,7
Finland,Latvia,3
Latvia,Finland,3
Finland,Lithuania,8
Lithuania,Finland,8
Finland,Luxembourg,1
Luxembourg,Finland,1
Finland,Madagascar,3
Madagascar,Finland,3
Finland,Malta,2
Malta,Finland,2
Finland,Moldova,1
Moldova,Finland,1
Finland,Netherlands,5
Netherlands,Finland,5
Finland,Norway,15
Norway,Finland,15
Finland,Poland,6
Poland,Finland,6
Finland,Portugal,3
Portugal,Finland,3
Finland,Romania,2
Romania,Finland,2
Finland,Russian federation,1093
Russian federation,Finland,1093
Finland,Slovakia,2
Slovakia,Finland,2
Finland,Slovenia,3
Slovenia,Finland,3
Finland,Spain,7
Spain,Finland,7
Finland,Sweden,18
Sweden,Finland,18
Finland,Switzerland,3
Switzerland,Finland,3
Finland,Ukraine,117
Ukraine,Finland,117
Finland,United kingdom,24
United kingdom,Finland,24
Finland,United states,27
United states,Finland,27
Finland,Uzbekistan,30
Uzbekistan,Finland,30
France,Algeria,1
Algeria,France,1
France,Associate member of sage (umr cnrs 7363),1
Associate member of sage (umr cnrs 7363),France,1
France,Belarus,1
Belarus,France,1
France,Chile,1
Chile,France,1
France,China,1
China,France,1
France,France,267
France,Georgia,2
Georgia,France,2
France,Germany,50
Germany,France,50
France,Greece,4
Greece,France,4
France,Hungary,3
Hungary,France,3
France,Intervenant en économie à l'essca,1
Intervenant en économie à l'essca,France,1
France,Italy,7
Italy,France,7
France,Kazakhstan,9
Kazakhstan,France,9
France,Kyrgyzstan,4
Kyrgyzstan,France,4
France,Lithuania,6
Lithuania,France,6
France,Malta,2
Malta,France,2
France,Moldova,6
Moldova,France,6
France,Monaco,12
Monaco,France,12
France,Mongolia,12
Mongolia,France,12
France,National institute of water and atmospheric research (niwa,2
National institute of water and atmospheric research (niwa,France,2
France,Netherlands,11
Netherlands,France,11
France,New zealand,3
New zealand,France,3
France,Poland,8
Poland,France,8
France,Russian federation,99
Russian federation,France,99
France,Slovenia,2
Slovenia,France,2
France,South africa,2
South africa,France,2
France,Spain,4
Spain,France,4
France,Sweden,3
Sweden,France,3
France,Switzerland,10
Switzerland,France,10
France,Tajikistan,5
Tajikistan,France,5
France,Ukraine,1
Ukraine,France,1
France,United kingdom,43
United kingdom,France,43
France,United states,29
United states,France,29
Geographisches institut der universität innsbruck,France,1
France,Geographisches institut der universität innsbruck,1
Geographisches institut der universität innsbruck,Russian federation,1
Russian federation,Geographisches institut der universität innsbruck,1
Georgetown university,United states,2
United states,Georgetown university,2
Georgia,Armenia,3
Armenia,Georgia,3
Georgia,Czech republic,3
Czech republic,Georgia,3
Georgia,Estonia,1
Estonia,Georgia,1
Georgia,Finland,1
Finland,Georgia,1
Georgia,Georgia,154
Georgia,Germany,16
Germany,Georgia,16
Georgia,India,3
India,Georgia,3
Georgia,Israel,2
Israel,Georgia,2
Georgia,Italy,6
Italy,Georgia,6
Georgia,Kyrgyzstan,6
Kyrgyzstan,Georgia,6
Georgia,North macedonia,2
North macedonia,Georgia,2
Georgia,Norway,1
Norway,Georgia,1
Georgia,Pakistan,9
Pakistan,Georgia,9
Georgia,Russian federation,6
Russian federation,Georgia,6
Georgia,Sweden,2
Sweden,Georgia,2
Georgia,Switzerland,7
Switzerland,Georgia,7
Georgia,Turkey,2
Turkey,Georgia,2
Georgia,Ukraine,8
Ukraine,Georgia,8
Georgia,United kingdom,10
United kingdom,Georgia,10
Georgia,United states,86
United states,Georgia,86
German multinational company,Germany,1
Germany,German multinational company,1
German multinational company,Rand drug policy research center,1
Rand drug policy research center,German multinational company,1
Germany,Afghanistan,2
Afghanistan,Germany,2
Germany,Chile,1
Chile,Germany,1
Germany,Deutsch bank research,1
Deutsch bank research,Germany,1
Germany,Eurasia department,1
Eurasia department,Germany,1
Germany,Freie universität berlin,1
Freie universität berlin,Germany,1
Germany,Friedrich-schiller-univ. jena,2
Friedrich-schiller-univ. jena,Germany,2
Germany,Germany,535
Germany,Greece,12
Greece,Germany,12
Germany,Hebrew university of jerusalem,1
Hebrew university of jerusalem,Germany,1
Germany,Hungary,17
Hungary,Germany,17
Germany,Ireland,11
Ireland,Germany,11
Germany,Israel,37
Israel,Germany,37
Germany,Italy,17
Italy,Germany,17
Germany,Japan,4
Japan,Germany,4
Germany,Justus-liebig-universität gießen,1
Justus-liebig-universität gießen,Germany,1
Germany,Kazakhstan,24
Kazakhstan,Germany,24
Germany,Kenya,1
Kenya,Germany,1
Germany,Kyrgyzstan,11
Kyrgyzstan,Germany,11
Germany,Latvia,6
Latvia,Germany,6
Germany,Lithuania,20
Lithuania,Germany,20
Germany,Luxembourg,4
Luxembourg,Germany,4
Germany,Malta,8
Malta,Germany,8
Germany,Mexico,4
Mexico,Germany,4
Germany,Moldova,1
Moldova,Germany,1
Germany,Netherlands,28
Netherlands,Germany,28
Germany,New zealand,6
New zealand,Germany,6
Germany,Norway,21
Norway,Germany,21
Germany,Poland,34
Poland,Germany,34
Germany,Portugal,15
Portugal,Germany,15
Germany,Romania,18
Romania,Germany,18
Germany,Russian federation,192
Russian federation,Germany,192
Germany,School of humanities and social sciences,1
School of humanities and social sciences,Germany,1
Germany,Slovakia,7
Slovakia,Germany,7
Germany,Slovenia,8
Slovenia,Germany,8
Germany,Spain,25
Spain,Germany,25
Germany,Sweden,23
Sweden,Germany,23
Germany,Switzerland,38
Switzerland,Germany,38
Germany,Tajikistan,8
Tajikistan,Germany,8
Germany,Turkey,3
Turkey,Germany,3
Germany,Ukraine,52
Ukraine,Germany,52
Germany,United arab emirates,3
United arab emirates,Germany,3
Germany,United kingdom,89
United kingdom,Germany,89
Germany,United states,151
United states,Germany,151
Germany,Uzbekistan,41
Uzbekistan,Germany,41
Germany,Viet nam,1
Viet nam,Germany,1
Goskomstat de russie,Russian federation,1
Russian federation,Goskomstat de russie,1
Greece,Austria,9
Austria,Greece,9
Greece,Egypt,1
Egypt,Greece,1
Greece,Estonia,3
Estonia,Greece,3
Greece,Greece,31
Greece,Hungary,3
Hungary,Greece,3
Greece,Ireland,3
Ireland,Greece,3
Greece,Kazakhstan,1
Kazakhstan,Greece,1
Greece,Latvia,3
Latvia,Greece,3
Greece,Lithuania,6
Lithuania,Greece,6
Greece,Luxembourg,3
Luxembourg,Greece,3
Greece,Malta,6
Malta,Greece,6
Greece,Netherlands,6
Netherlands,Greece,6
Greece,Norway,6
Norway,Greece,6
Greece,Poland,11
Poland,Greece,11
Greece,Portugal,5
Portugal,Greece,5
Greece,Romania,3
Romania,Greece,3
Greece,Slovakia,3
Slovakia,Greece,3
Greece,Slovenia,7
Slovenia,Greece,7
Greece,South africa,1
South africa,Greece,1
Greece,Spain,3
Spain,Greece,3
Greece,Sweden,4
Sweden,Greece,4
Greece,Switzerland,6
Switzerland,Greece,6
Greece,United kingdom,15
United kingdom,Greece,15
Greece,United states,9
United states,Greece,9
Gustave eiffel (université paris xii),France,1
France,Gustave eiffel (université paris xii),1
Head of the press service at the institute of social and philosophical sciences and mass communications of kazan (volga region) federal university,Kazan (volga region) federal university,1
Kazan (volga region) federal university,Head of the press service at the institute of social and philosophical sciences and mass communications of kazan (volga region) federal university,1
Head of the press service at the institute of social and philosophical sciences and mass communications of kazan (volga region) federal university,The birsk branch of the bashkir state university,1
The birsk branch of the bashkir state university,Head of the press service at the institute of social and philosophical sciences and mass communications of kazan (volga region) federal university,1
Hebrew university of jerusalem,Israel,4
Israel,Hebrew university of jerusalem,4
Hong kong,Czech republic,1
Czech republic,Hong kong,1
Hong kong,Georgia,2
Georgia,Hong kong,2
Hong kong,Hong kong,13
Hong kong,Poland,2
Poland,Hong kong,2
Hong kong,Russian federation,4
Russian federation,Hong kong,4
Hong kong,Ukraine,2
Ukraine,Hong kong,2
Hong kong,United kingdom,3
United kingdom,Hong kong,3
Hong kong,United states,10
United states,Hong kong,10
Humboldt university,Germany,1
Germany,Humboldt university,1
Hungary,Hungary,82
Hungary,India,1
India,Hungary,1
Hungary,Israel,1
Israel,Hungary,1
Hungary,Japan,4
Japan,Hungary,4
Hungary,Kazakhstan,16
Kazakhstan,Hungary,16
Hungary,Kyrgyzstan,4
Kyrgyzstan,Hungary,4
Hungary,Lithuania,6
Lithuania,Hungary,6
Hungary,Malaysia,1
Malaysia,Hungary,1
Hungary,Poland,34
Poland,Hungary,34
Hungary,Portugal,5
Portugal,Hungary,5
Hungary,Romania,10
Romania,Hungary,10
Hungary,Russian federation,13
Russian federation,Hungary,13
Hungary,Slovakia,7
Slovakia,Hungary,7
Hungary,Spain,7
Spain,Hungary,7
Hungary,Sweden,4
Sweden,Hungary,4
Hungary,Switzerland,5
Switzerland,Hungary,5
Hungary,Ukraine,15
Ukraine,Hungary,15
Hungary,United kingdom,15
United kingdom,Hungary,15
Hungary,United states,32
United states,Hungary,32
India,China,1
China,India,1
India,France,2
France,India,2
India,Germany,1
Germany,India,1
India,India,61
India,Italy,3
Italy,India,3
India,Kazakhstan,7
Kazakhstan,India,7
India,Netherlands,6
Netherlands,India,6
India,Pakistan,2
Pakistan,India,2
India,Portugal,1
Portugal,India,1
India,Russian federation,14
Russian federation,India,14
India,South africa,2
South africa,India,2
India,Spain,6
Spain,India,6
India,United kingdom,7
United kingdom,India,7
India,United states,3
United states,India,3
Indonesia,Indonesia,20
Indonesia,Thailand,1
Thailand,Indonesia,1
Institut de recherche pour le développement (ird),Institut de recherche pour le développement (ird),1
Institut für ge-schichtswissenschaften & europäische ethnologie,Geographisches institut der universität innsbruck,1
Geographisches institut der universität innsbruck,Institut für ge-schichtswissenschaften & europäische ethnologie,1
Institut für ge-schichtswissenschaften & europäische ethnologie,Russian federation,1
Russian federation,Institut für ge-schichtswissenschaften & europäische ethnologie,1
Institute of cultural heritage,Institute of cultural heritage,1
International centre for the history and sociology of world war ii and its consequences,Russian federation,2
Russian federation,International centre for the history and sociology of world war ii and its consequences,2
International union against tuberculosis and lung disease (iuatld),International union against tuberculosis and lung disease (iuatld),3
Iran,Allameh tabatabaei university,1
Allameh tabatabaei university,Iran,1
Iran,Australia,1
Australia,Iran,1
Iran,India,2
India,Iran,2
Iran,Iran,106
Iran,Japan,1
Japan,Iran,1
Iran,United states,5
United states,Iran,5
Iraq,Iraq,3
Iraq,Poland,3
Poland,Iraq,3
Iraq,Spain,5
Spain,Iraq,5
Ireland,Albania,1
Albania,Ireland,1
Ireland,Austria,3
Austria,Ireland,3
Ireland,Belarus,1
Belarus,Ireland,1
Ireland,Belgium,2
Belgium,Ireland,2
Ireland,China,2
China,Ireland,2
Ireland,France,1
France,Ireland,1
Ireland,Hungary,2
Hungary,Ireland,2
Ireland,Ireland,47
Ireland,Latvia,9
Latvia,Ireland,9
Ireland,Lithuania,2
Lithuania,Ireland,2
Ireland,Luxembourg,1
Luxembourg,Ireland,1
Ireland,Malta,2
Malta,Ireland,2
Ireland,Netherlands,3
Netherlands,Ireland,3
Ireland,New zealand,2
New zealand,Ireland,2
Ireland,Norway,2
Norway,Ireland,2
Ireland,Poland,3
Poland,Ireland,3
Ireland,Romania,1
Romania,Ireland,1
Ireland,Russian federation,6
Russian federation,Ireland,6
Ireland,Serbia,1
Serbia,Ireland,1
Ireland,Slovakia,1
Slovakia,Ireland,1
Ireland,Slovenia,2
Slovenia,Ireland,2
Ireland,Spain,2
Spain,Ireland,2
Ireland,Sweden,2
Sweden,Ireland,2
Ireland,Switzerland,2
Switzerland,Ireland,2
Ireland,United kingdom,13
United kingdom,Ireland,13
Ireland,United states,5
United states,Ireland,5
Iris,United states,1
United states,Iris,1
Islamic azad university,Islamic azad university,3
Israel,Czech republic,1
Czech republic,Israel,1
Israel,France,1
France,Israel,1
Israel,India,1
India,Israel,1
Israel,Israel,560
Israel,Italy,1
Italy,Israel,1
Israel,Leah greenspan advertising and marketing ltd,1
Leah greenspan advertising and marketing ltd,Israel,1
Israel,Meyers-jdc-brookdale jerusalem,1
Meyers-jdc-brookdale jerusalem,Israel,1
Israel,Russian federation,29
Russian federation,Israel,29
Israel,Slovakia,1
Slovakia,Israel,1
Israel,South africa,3
South africa,Israel,3
Israel,Turkey,1
Turkey,Israel,1
Israel,United kingdom,6
United kingdom,Israel,6
Israel,United states,86
United states,Israel,86
Isu,Russian federation,1
Russian federation,Isu,1
Italy,Centro studi e documentazione della cultura armena (csdca),1
Centro studi e documentazione della cultura armena (csdca),Italy,1
Italy,College of art and design,1
College of art and design,Italy,1
Italy,Colombia,1
Colombia,Italy,1
Italy,Cuba,2
Cuba,Italy,2
Italy,Hungary,3
Hungary,Italy,3
Italy,Iraq,9
Iraq,Italy,9
Italy,Ireland,1
Ireland,Italy,1
Italy,Italy,109
Italy,Latvia,1
Latvia,Italy,1
Italy,Lithuania,4
Lithuania,Italy,4
Italy,Netherlands,3
Netherlands,Italy,3
Italy,Norway,1
Norway,Italy,1
Italy,Pakistan,3
Pakistan,Italy,3
Italy,Poland,19
Poland,Italy,19
Italy,Portugal,2
Portugal,Italy,2
Italy,Romania,4
Romania,Italy,4
Italy,Russian federation,48
Russian federation,Italy,48
Italy,School of architecture,1
School of architecture,Italy,1
Italy,Serbia,9
Serbia,Italy,9
Italy,Slovenia,2
Slovenia,Italy,2
Italy,Spain,28
Spain,Italy,28
Italy,Switzerland,4
Switzerland,Italy,4
Italy,Tajikistan,1
Tajikistan,Italy,1
Italy,Ukraine,4
Ukraine,Italy,4
Italy,United kingdom,24
United kingdom,Italy,24
Italy,United states,31
United states,Italy,31
Italy,University of rome iii,1
University of rome iii,Italy,1
Italy,Uzbekistan,1
Uzbekistan,Italy,1
Italy,Viet nam,1
Viet nam,Italy,1
Japan,Austria,2
Austria,Japan,2
Japan,Estonia,1
Estonia,Japan,1
Japan,Israel,4
Israel,Japan,4
Japan,Japan,73
Japan,Kazakhstan,4
Kazakhstan,Japan,4
Japan,Kyrgyzstan,2
Kyrgyzstan,Japan,2
Japan,Lithuania,2
Lithuania,Japan,2
Japan,Mongolia,4
Mongolia,Japan,4
Japan,Russian federation,20
Russian federation,Japan,20
Japan,South korea,6
South korea,Japan,6
Japan,Sweden,9
Sweden,Japan,9
Japan,Taiwan,2
Taiwan,Japan,2
Japan,Ukraine,3
Ukraine,Japan,3
Japan,United arab emirates,3
United arab emirates,Japan,3
Japan,United kingdom,19
United kingdom,Japan,19
Japan,United states,25
United states,Japan,25
Japan,Viet nam,3
Viet nam,Japan,3
Johns hopkins university,United states,1
United states,Johns hopkins university,1
Jordan,Jordan,5
Jordan,Russian federation,2
Russian federation,Jordan,2
Jordan,United states,1
United states,Jordan,1
Jr,United states,16
United states,Jr,16
Jsc financial academy,Jsc financial academy,6
Jsc financial academy,Kazakhstan,11
Kazakhstan,Jsc financial academy,11
Kazakhstan,Belgium,1
Belgium,Kazakhstan,1
Kazakhstan,Georgia,1
Georgia,Kazakhstan,1
Kazakhstan,Italy,8
Italy,Kazakhstan,8
Kazakhstan,Kazakhstan,1918
Kazakhstan,Kazakhstan astana university miras kazakhstan kazakh national pedagogical university named after abai kazakhstan,6
Kazakhstan astana university miras kazakhstan kazakh national pedagogical university named after abai kazakhstan,Kazakhstan,6
Kazakhstan,Kyrgyzstan,19
Kyrgyzstan,Kazakhstan,19
Kazakhstan,Latvia,8
Latvia,Kazakhstan,8
Kazakhstan,Netherlands,8
Netherlands,Kazakhstan,8
Kazakhstan,Norway,9
Norway,Kazakhstan,9
Kazakhstan,Philippines,1
Philippines,Kazakhstan,1
Kazakhstan,Poland,13
Poland,Kazakhstan,13
Kazakhstan,Russian federation,185
Russian federation,Kazakhstan,185
Kazakhstan,South korea,6
South korea,Kazakhstan,6
Kazakhstan,Sweden,2
Sweden,Kazakhstan,2
Kazakhstan,Switzerland,4
Switzerland,Kazakhstan,4
Kazakhstan,Turkey,36
Turkey,Kazakhstan,36
Kazakhstan,Ukraine,7
Ukraine,Kazakhstan,7
Kazakhstan,United arab emirates,3
United arab emirates,Kazakhstan,3
Kazakhstan,United kingdom,40
United kingdom,Kazakhstan,40
Kazakhstan,United states,59
United states,Kazakhstan,59
Kazakhstan,Uzbekistan,10
Uzbekistan,Kazakhstan,10
Kazan (volga region) federal university,The birsk branch of the bashkir state university,1
The birsk branch of the bashkir state university,Kazan (volga region) federal university,1
Kazan federal university,Head of the press service at the institute of social and philosophical sciences and mass communications of kazan (volga region) federal university,1
Head of the press service at the institute of social and philosophical sciences and mass communications of kazan (volga region) federal university,Kazan federal university,1
Kazan federal university,Kazan (volga region) federal university,1
Kazan (volga region) federal university,Kazan federal university,1
Kazan federal university,Kazan federal university,1
Kazan federal university,Russian federation,1
Russian federation,Kazan federal university,1
Kazan federal university,The birsk branch of the bashkir state university,1
The birsk branch of the bashkir state university,Kazan federal university,1
Kenya,Uzbekistan,1
Uzbekistan,Kenya,1
Kuwait,Azerbaijan,1
Azerbaijan,Kuwait,1
Kyrgyzstan,Austria,1
Austria,Kyrgyzstan,1
Kyrgyzstan,Belarus,1
Belarus,Kyrgyzstan,1
Kyrgyzstan,Chile,2
Chile,Kyrgyzstan,2
Kyrgyzstan,Italy,2
Italy,Kyrgyzstan,2
Kyrgyzstan,Kyrgyzstan,44
Kyrgyzstan,Lithuania,1
Lithuania,Kyrgyzstan,1
Kyrgyzstan,Norway,3
Norway,Kyrgyzstan,3
Kyrgyzstan,Russian federation,194
Russian federation,Kyrgyzstan,194
Kyrgyzstan,Spain,1
Spain,Kyrgyzstan,1
Kyrgyzstan,Sweden,1
Sweden,Kyrgyzstan,1
Kyrgyzstan,Switzerland,12
Switzerland,Kyrgyzstan,12
Kyrgyzstan,Tajikistan,2
Tajikistan,Kyrgyzstan,2
Kyrgyzstan,Turkey,7
Turkey,Kyrgyzstan,7
Kyrgyzstan,Ukraine,22
Ukraine,Kyrgyzstan,22
Kyrgyzstan,United kingdom,24
United kingdom,Kyrgyzstan,24
Kyrgyzstan,United states,39
United states,Kyrgyzstan,39
Kyrgyzstan,Uzbekistan,6
Uzbekistan,Kyrgyzstan,6
L.n. gumilyov eurasian national university,L.n. gumilyov eurasian national university,1
L.n. gumilyov eurasian national university,Sh. yessenov caspian state university of technologies and engineering,2
Sh. yessenov caspian state university of technologies and engineering,L.n. gumilyov eurasian national university,2
L.n. gumilyov eurasian national university,Taraz innovative humanitarian university,4
Taraz innovative humanitarian university,L.n. gumilyov eurasian national university,4
Laboratoire de recherche historique rhône-alpes (larhra),Germany,1
Germany,Laboratoire de recherche historique rhône-alpes (larhra),1
Laboratoire de recherche historique rhône-alpes (larhra),Singapore,1
Singapore,Laboratoire de recherche historique rhône-alpes (larhra),1
Laboratoire de sociologie quantitative (crest-insee),Laboratoire de sociologie quantitative (crest-insee),1
Large in mercy corps,Large in mercy corps,3
Large in mercy corps,Organizational learning,3
Organizational learning,Large in mercy corps,3
Latvia,Austria,3
Austria,Latvia,3
Latvia,Bulgaria,1
Bulgaria,Latvia,1
Latvia,France,1
France,Latvia,1
Latvia,Georgia,2
Georgia,Latvia,2
Latvia,Hungary,1
Hungary,Latvia,1
Latvia,Latvia,146
Latvia,Lithuania,25
Lithuania,Latvia,25
Latvia,Luxembourg,1
Luxembourg,Latvia,1
Latvia,Malta,2
Malta,Latvia,2
Latvia,Netherlands,5
Netherlands,Latvia,5
Latvia,Norway,3
Norway,Latvia,3
Latvia,Poland,7
Poland,Latvia,7
Latvia,Portugal,3
Portugal,Latvia,3
Latvia,Romania,1
Romania,Latvia,1
Latvia,Russian federation,16
Russian federation,Latvia,16
Latvia,Slovakia,1
Slovakia,Latvia,1
Latvia,Slovenia,2
Slovenia,Latvia,2
Latvia,Sweden,5
Sweden,Latvia,5
Latvia,Switzerland,2
Switzerland,Latvia,2
Latvia,Ukraine,16
Ukraine,Latvia,16
Latvia,United kingdom,23
United kingdom,Latvia,23
Latvia,United states,26
United states,Latvia,26
Lebanon,Lebanon,1
Liberty university,United states,1
United states,Liberty university,1
Lithuania,Austria,6
Austria,Lithuania,6
Lithuania,Belarus,1
Belarus,Lithuania,1
Lithuania,Belgium,5
Belgium,Lithuania,5
Lithuania,Georgia,4
Georgia,Lithuania,4
Lithuania,Iraq,1
Iraq,Lithuania,1
Lithuania,Kazakhstan,3
Kazakhstan,Lithuania,3
Lithuania,Lithuania,253
Lithuania,Luxembourg,2
Luxembourg,Lithuania,2
Lithuania,Malta,4
Malta,Lithuania,4
Lithuania,Moldova,3
Moldova,Lithuania,3
Lithuania,Netherlands,16
Netherlands,Lithuania,16
Lithuania,Norway,8
Norway,Lithuania,8
Lithuania,Poland,14
Poland,Lithuania,14
Lithuania,Portugal,8
Portugal,Lithuania,8
Lithuania,Romania,3
Romania,Lithuania,3
Lithuania,Russian federation,20
Russian federation,Lithuania,20
Lithuania,Serbia,3
Serbia,Lithuania,3
Lithuania,Slovakia,5
Slovakia,Lithuania,5
Lithuania,Slovenia,5
Slovenia,Lithuania,5
Lithuania,Spain,7
Spain,Lithuania,7
Lithuania,Sweden,8
Sweden,Lithuania,8
Lithuania,Switzerland,5
Switzerland,Lithuania,5
Lithuania,Taiwan,2
Taiwan,Lithuania,2
Lithuania,Ukraine,6
Ukraine,Lithuania,6
Lithuania,United kingdom,25
United kingdom,Lithuania,25
Lithuania,United states,33
United states,Lithuania,33
Ludwig-maximilians university munich,United states,1
United states,Ludwig-maximilians university munich,1
Luxembourg,Austria,3
Austria,Luxembourg,3
Luxembourg,Estonia,1
Estonia,Luxembourg,1
Luxembourg,France,1
France,Luxembourg,1
Luxembourg,Hungary,1
Hungary,Luxembourg,1
Luxembourg,Italy,1
Italy,Luxembourg,1
Luxembourg,Luxembourg,1
Luxembourg,Malta,2
Malta,Luxembourg,2
Luxembourg,Netherlands,2
Netherlands,Luxembourg,2
Luxembourg,Norway,2
Norway,Luxembourg,2
Luxembourg,Poland,3
Poland,Luxembourg,3
Luxembourg,Romania,1
Romania,Luxembourg,1
Luxembourg,Russian federation,1
Russian federation,Luxembourg,1
Luxembourg,Slovenia,2
Slovenia,Luxembourg,2
Luxembourg,Sweden,1
Sweden,Luxembourg,1
Luxembourg,Switzerland,2
Switzerland,Luxembourg,2
Luxembourg,United kingdom,3
United kingdom,Luxembourg,3
Macao,Macao,1
Madagascar,Germany,3
Germany,Madagascar,3
Madagascar,Hungary,3
Hungary,Madagascar,3
Madagascar,Japan,3
Japan,Madagascar,3
Madagascar,Lithuania,3
Lithuania,Madagascar,3
Madagascar,Madagascar,3
Madagascar,New zealand,6
New zealand,Madagascar,6
Madagascar,Romania,3
Romania,Madagascar,3
Madagascar,Russian federation,12
Russian federation,Madagascar,12
Madagascar,Slovakia,3
Slovakia,Madagascar,3
Madagascar,Sweden,3
Sweden,Madagascar,3
Madagascar,Switzerland,3
Switzerland,Madagascar,3
Madagascar,Ukraine,6
Ukraine,Madagascar,6
Madagascar,United states,9
United states,Madagascar,9
Malaysia,China,5
China,Malaysia,5
Malaysia,Kazakhstan,3
Kazakhstan,Malaysia,3
Malaysia,Malaysia,41
Malaysia,Pakistan,1
Pakistan,Malaysia,1
Malaysia,Russian federation,1
Russian federation,Malaysia,1
Malaysia,Somalia,2
Somalia,Malaysia,2
Malaysia,United states,4
United states,Malaysia,4
Malta,Estonia,2
Estonia,Malta,2
Malta,Hungary,2
Hungary,Malta,2
Malta,Malta,1
Malta,Netherlands,4
Netherlands,Malta,4
Malta,Norway,4
Norway,Malta,4
Malta,Poland,6
Poland,Malta,6
Malta,Romania,2
Romania,Malta,2
Malta,Slovakia,2
Slovakia,Malta,2
Malta,Slovenia,4
Slovenia,Malta,4
Malta,Sweden,2
Sweden,Malta,2
Malta,Switzerland,4
Switzerland,Malta,4
Malta,United kingdom,6
United kingdom,Malta,6
Mexico,Cuba,1
Cuba,Mexico,1
Mexico,Mexico,7
Mexico,Netherlands,1
Netherlands,Mexico,1
Mexico,United states,4
United states,Mexico,4
Moldova,Czech republic,2
Czech republic,Moldova,2
Moldova,Kazakhstan,2
Kazakhstan,Moldova,2
Moldova,Kyrgyzstan,1
Kyrgyzstan,Moldova,1
Moldova,Moldova,14
Moldova,Romania,1
Romania,Moldova,1
Moldova,Russian federation,4
Russian federation,Moldova,4
Moldova,Serbia,1
Serbia,Moldova,1
Moldova,Ukraine,11
Ukraine,Moldova,11
Moldova,United kingdom,20
United kingdom,Moldova,20
Monaco,Germany,2
Germany,Monaco,2
Mongolia,China,9
China,Mongolia,9
Mongolia,Germany,2
Germany,Mongolia,2
Mongolia,Monaco,1
Monaco,Mongolia,1
Mongolia,Mongolia,46
Mongolia,Russian federation,28
Russian federation,Mongolia,28
Mongolia,South korea,6
South korea,Mongolia,6
Mongolia,United states,12
United states,Mongolia,12
Montenegro,Montenegro,1
Morocco,Canada,1
Canada,Morocco,1
Morocco,United states,1
United states,Morocco,1
Moscow,Moscow,1
Moscow,Russian federation,2
Russian federation,Moscow,2
Moscow,United states,2
United states,Moscow,2
Mozambique,United kingdom,2
United kingdom,Mozambique,2
Murmansk advanced teachers' college,Sweden,1
Sweden,Murmansk advanced teachers' college,1
National research university - higher school of economics,National research university - higher school of economics,3
National research university - higher school of economics,Russian federation,6
Russian federation,National research university - higher school of economics,6
National research university - higher school of economics,United states,4
United states,National research university - higher school of economics,4
National research university higher school of economics,National research university higher school of economics,1
National university lviv polytechnic,Kyiv national university of trade and economics,2
Kyiv national university of trade and economics,National university lviv polytechnic,2
National university lviv polytechnic,National university lviv polytechnic,1
National university lviv polytechnic,National university odessa law academy,2
National university odessa law academy,National university lviv polytechnic,2
National university odessa law academy,Kyiv national university of trade and economics,1
Kyiv national university of trade and economics,National university odessa law academy,1
Netherlands,Brazil,1
Brazil,Netherlands,1
Netherlands,Canada,2
Canada,Netherlands,2
Netherlands,Hungary,3
Hungary,Netherlands,3
Netherlands,Israel,1
Israel,Netherlands,1
Netherlands,Netherlands,90
Netherlands,Norway,7
Norway,Netherlands,7
Netherlands,Poland,10
Poland,Netherlands,10
Netherlands,Romania,3
Romania,Netherlands,3
Netherlands,Russian federation,40
Russian federation,Netherlands,40
Netherlands,Singapore,1
Singapore,Netherlands,1
Netherlands,Slovenia,4
Slovenia,Netherlands,4
Netherlands,South africa,1
South africa,Netherlands,1
Netherlands,Spain,4
Spain,Netherlands,4
Netherlands,Sweden,6
Sweden,Netherlands,6
Netherlands,Switzerland,16
Switzerland,Netherlands,16
Netherlands,Turkey,1
Turkey,Netherlands,1
Netherlands,Ukraine,12
Ukraine,Netherlands,12
Netherlands,United kingdom,32
United kingdom,Netherlands,32
Netherlands,United states,26
United states,Netherlands,26
New zealand,Argentina,4
Argentina,New zealand,4
New zealand,Brazil,1
Brazil,New zealand,1
New zealand,Finland,3
Finland,New zealand,3
New zealand,Hungary,2
Hungary,New zealand,2
New zealand,Japan,2
Japan,New zealand,2
New zealand,Kazakhstan,1
Kazakhstan,New zealand,1
New zealand,Lithuania,2
Lithuania,New zealand,2
New zealand,Mexico,1
Mexico,New zealand,1
New zealand,National institute of water and atmospheric research (niwa,1
National institute of water and atmospheric research (niwa,New zealand,1
New zealand,New zealand,17
New zealand,Romania,2
Romania,New zealand,2
New zealand,Russian federation,14
Russian federation,New zealand,14
New zealand,Slovakia,2
Slovakia,New zealand,2
New zealand,Sweden,2
Sweden,New zealand,2
New zealand,Switzerland,2
Switzerland,New zealand,2
New zealand,Ukraine,5
Ukraine,New zealand,5
New zealand,United kingdom,5
United kingdom,New zealand,5
New zealand,United states,9
United states,New zealand,9
Nigeria,Indonesia,5
Indonesia,Nigeria,5
Nigeria,Nigeria,15
Nigeria,United states,2
United states,Nigeria,2
North macedonia,United kingdom,2
United kingdom,North macedonia,2
Norway,Brazil,2
Brazil,Norway,2
Norway,Bulgaria,2
Bulgaria,Norway,2
Norway,France,4
France,Norway,4
Norway,Hungary,2
Hungary,Norway,2
Norway,India,1
India,Norway,1
Norway,Israel,1
Israel,Norway,1
Norway,Norway,147
Norway,Pakistan,3
Pakistan,Norway,3
Norway,Poland,7
Poland,Norway,7
Norway,Romania,4
Romania,Norway,4
Norway,Russian federation,217
Russian federation,Norway,217
Norway,Slovakia,3
Slovakia,Norway,3
Norway,Slovenia,4
Slovenia,Norway,4
Norway,Spain,3
Spain,Norway,3
Norway,Sweden,31
Sweden,Norway,31
Norway,Switzerland,7
Switzerland,Norway,7
Norway,Ukraine,20
Ukraine,Norway,20
Norway,United kingdom,29
United kingdom,Norway,29
Norway,United states,19
United states,Norway,19
Oman,United states,2
United states,Oman,2
Osi public health program,United states,1
United states,Osi public health program,1
Pakistan,Iraq,1
Iraq,Pakistan,1
Pakistan,Kyrgyzstan,2
Kyrgyzstan,Pakistan,2
Pakistan,Pakistan,39
Pakistan,Switzerland,1
Switzerland,Pakistan,1
Pakistan,Turkey,1
Turkey,Pakistan,1
Pakistan,United kingdom,6
United kingdom,Pakistan,6
Pakistan,United states,2
United states,Pakistan,2
Palestine,Palestine,1
Peru,Peru,1
Philippines,Finland,1
Finland,Philippines,1
Philippines,Netherlands,1
Netherlands,Philippines,1
Philippines,Philippines,3
Philippines,Russian federation,7
Russian federation,Philippines,7
Philippines,Sweden,2
Sweden,Philippines,2
Poland,Armenia,1
Armenia,Poland,1
Poland,Australia,2
Australia,Poland,2
Poland,Iceland,1
Iceland,Poland,1
Poland,Israel,2
Israel,Poland,2
Poland,Japan,1
Japan,Poland,1
Poland,Kyrgyzstan,4
Kyrgyzstan,Poland,4
Poland,Mexico,1
Mexico,Poland,1
Poland,New zealand,1
New zealand,Poland,1
Poland,Nigeria,1
Nigeria,Poland,1
Poland,Poland,199
Poland,Portugal,17
Portugal,Poland,17
Poland,Romania,12
Romania,Poland,12
Poland,Russian federation,37
Russian federation,Poland,37
Poland,Saudi arabia,2
Saudi arabia,Poland,2
Poland,Serbia,8
Serbia,Poland,8
Poland,Slovakia,14
Slovakia,Poland,14
Poland,Slovenia,9
Slovenia,Poland,9
Poland,Spain,24
Spain,Poland,24
Poland,Sweden,7
Sweden,Poland,7
Poland,Switzerland,12
Switzerland,Poland,12
Poland,Taiwan,2
Taiwan,Poland,2
Poland,Turkey,4
Turkey,Poland,4
Poland,Ukraine,33
Ukraine,Poland,33
Poland,United kingdom,36
United kingdom,Poland,36
Poland,United states,37
United states,Poland,37
Polish academy of sciences,Canada,1
Canada,Polish academy of sciences,1
Portugal,Austria,4
Austria,Portugal,4
Portugal,Belgium,2
Belgium,Portugal,2
Portugal,Denmark,3
Denmark,Portugal,3
Portugal,France,1
France,Portugal,1
Portugal,Ireland,1
Ireland,Portugal,1
Portugal,Luxembourg,1
Luxembourg,Portugal,1
Portugal,Macao,1
Macao,Portugal,1
Portugal,Malta,2
Malta,Portugal,2
Portugal,Netherlands,2
Netherlands,Portugal,2
Portugal,Norway,2
Norway,Portugal,2
Portugal,Portugal,5
Portugal,Romania,5
Romania,Portugal,5
Portugal,Russian federation,5
Russian federation,Portugal,5
Portugal,Slovakia,1
Slovakia,Portugal,1
Portugal,Slovenia,4
Slovenia,Portugal,4
Portugal,Spain,10
Spain,Portugal,10
Portugal,Sweden,1
Sweden,Portugal,1
Portugal,Switzerland,5
Switzerland,Portugal,5
Portugal,Ukraine,2
Ukraine,Portugal,2
Portugal,United kingdom,9
United kingdom,Portugal,9
Portugal,United states,11
United states,Portugal,11
Qatar,Qatar,1
Qatar,Saudi arabia,1
Saudi arabia,Qatar,1
Qatar,Serbia,1
Serbia,Qatar,1
Qatar,United arab emirates,1
United arab emirates,Qatar,1
Qatar,United kingdom,1
United kingdom,Qatar,1
Rand drug policy research center,Germany,1
Germany,Rand drug policy research center,1
Ras,Ras,3
Romania,Brazil,1
Brazil,Romania,1
Romania,Estonia,1
Estonia,Romania,1
Romania,France,2
France,Romania,2
Romania,Japan,1
Japan,Romania,1
Romania,Romania,79
Romania,Russian federation,8
Russian federation,Romania,8
Romania,Slovenia,2
Slovenia,Romania,2
Romania,Sweden,2
Sweden,Romania,2
Romania,Switzerland,5
Switzerland,Romania,5
Romania,Ukraine,13
Ukraine,Romania,13
Romania,United kingdom,9
United kingdom,Romania,9
Romania,United states,11
United states,Romania,11
Russian federation,Albania,1
Albania,Russian federation,1
Russian federation,Centre for european migration and ethnic studies (cemes),1
Centre for european migration and ethnic studies (cemes),Russian federation,1
Russian federation,Cyprus,2
Cyprus,Russian federation,2
Russian federation,Daffodil international university,1
Daffodil international university,Russian federation,1
Russian federation,Directeur du centre,1
Directeur du centre,Russian federation,1
Russian federation,Financial institutes of kfu,2
Financial institutes of kfu,Russian federation,2
Russian federation,French polynesia,1
French polynesia,Russian federation,1
Russian federation,Greece,1
Greece,Russian federation,1
Russian federation,Hebrew university of jerusalem,1
Hebrew university of jerusalem,Russian federation,1
Russian federation,Iran,3
Iran,Russian federation,3
Russian federation,Kazan,1
Kazan,Russian federation,1
Russian federation,Mexico,6
Mexico,Russian federation,6
Russian federation,Pacific state university,1
Pacific state university,Russian federation,1
Russian federation,Palestine,1
Palestine,Russian federation,1
Russian federation,Promotion/protection of human rights,1
Promotion/protection of human rights,Russian federation,1
Russian federation,Russian federation,20174
Russian federation,Serbia,9
Serbia,Russian federation,9
Russian federation,Singapore,7
Singapore,Russian federation,7
Russian federation,Slovakia,13
Slovakia,Russian federation,13
Russian federation,Slovenia,2
Slovenia,Russian federation,2
Russian federation,South africa,18
South africa,Russian federation,18
Russian federation,South korea,17
South korea,Russian federation,17
Russian federation,Spain,193
Spain,Russian federation,193
Russian federation,Sweden,48
Sweden,Russian federation,48
Russian federation,Switzerland,40
Switzerland,Russian federation,40
Russian federation,Taiwan,2
Taiwan,Russian federation,2
Russian federation,Tajikistan,28
Tajikistan,Russian federation,28
Russian federation,The “bath house readings”,8
The “bath house readings”,Russian federation,8
Russian federation,Turkey,14
Turkey,Russian federation,14
Russian federation,Tuvalu,6
Tuvalu,Russian federation,6
Russian federation,Ukraine,3292
Ukraine,Russian federation,3292
Russian federation,Ul. ranenki,1
Ul. ranenki,Russian federation,1
Russian federation,United kingdom,163
United kingdom,Russian federation,163
Russian federation,United states,667
United states,Russian federation,667
Russian federation,Uzbekistan,867
Uzbekistan,Russian federation,867
Russian federation,V.i. vernadsky crimean federal university,2
V.i. vernadsky crimean federal university,Russian federation,2
Russian federation,Vologda institute of law and economics of federal penitentiary service of russia,1
Vologda institute of law and economics of federal penitentiary service of russia,Russian federation,1
Russian republic,Russian republic,3
Sankt petersburger staatlichen universität für kultur und künste,Sankt petersburger staatlichen universität für technologie und design,1
Sankt petersburger staatlichen universität für technologie und design,Sankt petersburger staatlichen universität für kultur und künste,1
Saudi arabia,Slovakia,1
Slovakia,Saudi arabia,1
Saudi arabia,United states,1
United states,Saudi arabia,1
School of architecture,China,2
China,School of architecture,2
School of modern languages,Literature theory and interdisciplinary research center,1
Literature theory and interdisciplinary research center,School of modern languages,1
School of modern languages,United kingdom,1
United kingdom,School of modern languages,1
Serbia,Chile,1
Chile,Serbia,1
Serbia,Iraq,2
Iraq,Serbia,2
Serbia,Romania,1
Romania,Serbia,1
Serbia,Serbia,24
Serbia,Spain,10
Spain,Serbia,10
Serbia,United kingdom,6
United kingdom,Serbia,6
Serbia,United states,10
United states,Serbia,10
Sh. yessenov caspian state university of technologies and engineering,Taraz innovative humanitarian university,2
Taraz innovative humanitarian university,Sh. yessenov caspian state university of technologies and engineering,2
Shahid bahonar university of kerman,Shahid bahonar university of kerman,3
Singapore,China,1
China,Singapore,1
Singapore,Denmark,1
Denmark,Singapore,1
Singapore,Estonia,1
Estonia,Singapore,1
Singapore,Ireland,1
Ireland,Singapore,1
Singapore,Singapore,5
Singapore,United kingdom,1
United kingdom,Singapore,1
Singapore,United states,7
United states,Singapore,7
Slovakia,Argentina,2
Argentina,Slovakia,2
Slovakia,Austria,3
Austria,Slovakia,3
Slovakia,Ecuador,1
Ecuador,Slovakia,1
Slovakia,Estonia,2
Estonia,Slovakia,2
Slovakia,France,4
France,Slovakia,4
Slovakia,Japan,2
Japan,Slovakia,2
Slovakia,Luxembourg,1
Luxembourg,Slovakia,1
Slovakia,Netherlands,2
Netherlands,Slovakia,2
Slovakia,Romania,2
Romania,Slovakia,2
Slovakia,Slovakia,39
Slovakia,Slovenia,2
Slovenia,Slovakia,2
Slovakia,Spain,2
Spain,Slovakia,2
Slovakia,Sweden,3
Sweden,Slovakia,3
Slovakia,Switzerland,3
Switzerland,Slovakia,3
Slovakia,Taiwan,2
Taiwan,Slovakia,2
Slovakia,Ukraine,2
Ukraine,Slovakia,2
Slovakia,United kingdom,7
United kingdom,Slovakia,7
Slovakia,United states,8
United states,Slovakia,8
Slovenia,Estonia,2
Estonia,Slovenia,2
Slovenia,Hungary,2
Hungary,Slovenia,2
Slovenia,Slovenia,11
Slovenia,Spain,2
Spain,Slovenia,2
Slovenia,Sweden,2
Sweden,Slovenia,2
Slovenia,Switzerland,4
Switzerland,Slovenia,4
Slovenia,United kingdom,7
United kingdom,Slovenia,7
Slovenia,United states,7
United states,Slovenia,7
Soas,United states,1
United states,Soas,1
South africa,Cameroon,4
Cameroon,South africa,4
South africa,Estonia,3
Estonia,South africa,3
South africa,Senegal,1
Senegal,South africa,1
South africa,South africa,19
South africa,Spain,1
Spain,South africa,1
South africa,Sweden,3
Sweden,South africa,3
South africa,United kingdom,11
United kingdom,South africa,11
South korea,Austria,2
Austria,South korea,2
South korea,China,1
China,South korea,1
South korea,France,3
France,South korea,3
South korea,Malaysia,2
Malaysia,South korea,2
South korea,Poland,2
Poland,South korea,2
South korea,South africa,1
South africa,South korea,1
South korea,South korea,35
South korea,Sweden,2
Sweden,South korea,2
South korea,Switzerland,2
Switzerland,South korea,2
South korea,United kingdom,7
United kingdom,South korea,7
South korea,United states,7
United states,South korea,7
South sudan,Sudan,1
Sudan,South sudan,1
Spain,Argentina,1
Argentina,Spain,1
Spain,Armenia,1
Armenia,Spain,1
Spain,Latvia,1
Latvia,Spain,1
Spain,Luxembourg,1
Luxembourg,Spain,1
Spain,Malta,2
Malta,Spain,2
Spain,Pakistan,1
Pakistan,Spain,1
Spain,Philippines,2
Philippines,Spain,2
Spain,Romania,7
Romania,Spain,7
Spain,Spain,95
Spain,Sweden,9
Sweden,Spain,9
Spain,Switzerland,5
Switzerland,Spain,5
Spain,Tajikistan,3
Tajikistan,Spain,3
Spain,Ukraine,31
Ukraine,Spain,31
Spain,United kingdom,20
United kingdom,Spain,20
Spain,United states,26
United states,Spain,26
Spain,Uruguay,1
Uruguay,Spain,1
Spbu,Spbu,1
St. david's university college,United states,1
United states,St. david's university college,1
Sweden,Afghanistan,1
Afghanistan,Sweden,1
Sweden,Azerbaijan,1
Azerbaijan,Sweden,1
Sweden,Belarus,1
Belarus,Sweden,1
Sweden,Canada,1
Canada,Sweden,1
Sweden,Iraq,1
Iraq,Sweden,1
Sweden,Italy,3
Italy,Sweden,3
Sweden,Serbia,2
Serbia,Sweden,2
Sweden,Sweden,235
Sweden,Switzerland,3
Switzerland,Sweden,3
Sweden,Tanzania,3
Tanzania,Sweden,3
Sweden,Ukraine,6
Ukraine,Sweden,6
Sweden,United kingdom,17
United kingdom,Sweden,17
Sweden,United states,43
United states,Sweden,43
Sweden,Uppsala university,1
Uppsala university,Sweden,1
Switzerland,Argentina,2
Argentina,Switzerland,2
Switzerland,Ecuador,1
Ecuador,Switzerland,1
Switzerland,Estonia,3
Estonia,Switzerland,3
Switzerland,Israel,2
Israel,Switzerland,2
Switzerland,Japan,1
Japan,Switzerland,1
Switzerland,Switzerland,71
Switzerland,Tajikistan,19
Tajikistan,Switzerland,19
Switzerland,The “bath house readings”,2
The “bath house readings”,Switzerland,2
Switzerland,Ukraine,4
Ukraine,Switzerland,4
Switzerland,United kingdom,27
United kingdom,Switzerland,27
Switzerland,United states,26
United states,Switzerland,26
Taiwan,Taiwan,7
Tajikistan,Austria,2
Austria,Tajikistan,2
Tajikistan,Philippines,1
Philippines,Tajikistan,1
Tajikistan,Tajikistan,12
Tajikistan,Ukraine,1
Ukraine,Tajikistan,1
Tajikistan,United kingdom,3
United kingdom,Tajikistan,3
Tanzania,United states,4
United states,Tanzania,4
Taraz innovative humanitarian university,Taraz innovative humanitarian university,1
Tarih anabilim dali,Kazakhstan,1
Kazakhstan,Tarih anabilim dali,1
Tatar state humanitarian and pedagogical university,Russian language teaching methodology institute of philology of moscow state pedagogical university,1
Russian language teaching methodology institute of philology of moscow state pedagogical university,Tatar state humanitarian and pedagogical university,1
Thailand,Thailand,3
Thailand,United states,1
United states,Thailand,1
The economic policy and research center dubai economic council,United arab emirates,1
United arab emirates,The economic policy and research center dubai economic council,1
The new school for social research,The new school for social research,3
Trinidad and tobago,Trinidad and tobago,1
Tunisia,Tunisia,3
Tunisia,United states,3
United states,Tunisia,3
Turkey,Greece,1
Greece,Turkey,1
Turkey,India,2
India,Turkey,2
Turkey,Italy,1
Italy,Turkey,1
Turkey,Japan,1
Japan,Turkey,1
Turkey,Peru,1
Peru,Turkey,1
Turkey,Turkey,75
Turkey,Ukraine,2
Ukraine,Turkey,2
Turkey,United kingdom,2
United kingdom,Turkey,2
Turkey,United states,18
United states,Turkey,18
Tuvalu,Tuvalu,1
U.s. foreign service,Naval postgraduate school,1
Naval postgraduate school,U.s. foreign service,1
U.s. naval academy,German multinational company,1
German multinational company,U.s. naval academy,1
U.s. naval academy,Germany,1
Germany,U.s. naval academy,1
U.s. naval academy,Rand drug policy research center,1
Rand drug policy research center,U.s. naval academy,1
Uk,Ukraine,1
Ukraine,Uk,1
Ukraine,Argentina,4
Argentina,Ukraine,4
Ukraine,Ecuador,2
Ecuador,Ukraine,2
Ukraine,Israel,1
Israel,Ukraine,1
Ukraine,Mexico,1
Mexico,Ukraine,1
Ukraine,Mongolia,1
Mongolia,Ukraine,1
Ukraine,Ukraine,1044
Ukraine,United kingdom,30
United kingdom,Ukraine,30
Ukraine,United states,122
United states,Ukraine,122
Ukraine,Uzbekistan,95
Uzbekistan,Ukraine,95
Umr géographie-cités 8504,Umr ladyss 7533,1
Umr ladyss 7533,Umr géographie-cités 8504,1
United arab emirates,Australia,1
Australia,United arab emirates,1
United arab emirates,France,1
France,United arab emirates,1
United arab emirates,Italy,1
Italy,United arab emirates,1
United arab emirates,Moldova,1
Moldova,United arab emirates,1
United arab emirates,Russian federation,4
Russian federation,United arab emirates,4
United arab emirates,Saudi arabia,1
Saudi arabia,United arab emirates,1
United arab emirates,United arab emirates,2
United arab emirates,United kingdom,7
United kingdom,United arab emirates,7
United arab emirates,United states,4
United states,United arab emirates,4
United kingdom,Aga-khan foundation in kyrgyzstan,3
Aga-khan foundation in kyrgyzstan,United kingdom,3
United kingdom,Azerbaijan,2
Azerbaijan,United kingdom,2
United kingdom,Brazil,3
Brazil,United kingdom,3
United kingdom,Colombia,1
Colombia,United kingdom,1
United kingdom,Empirica research and consultancy institute,2
Empirica research and consultancy institute,United kingdom,2
United kingdom,Iraq,1
Iraq,United kingdom,1
United kingdom,Ispru,1
Ispru,United kingdom,1
United kingdom,Jr,1
Jr,United kingdom,1
United kingdom,Macao,1
Macao,United kingdom,1
United kingdom,National institute of water and atmospheric research (niwa,1
National institute of water and atmospheric research (niwa,United kingdom,1
United kingdom,United kingdom,710
United kingdom,United states,204
United states,United kingdom,204
United kingdom,University of calabria,1
University of calabria,United kingdom,1
United kingdom,University of pisa,1
University of pisa,United kingdom,1
United kingdom,Uzbekistan,7
Uzbekistan,United kingdom,7
United kingdom,York university,1
York university,United kingdom,1
United states,Bangladesh,1
Bangladesh,United states,1
United states,Ca 93403-8106,1
Ca 93403-8106,United states,1
United states,Castalia strategic advisors,2
Castalia strategic advisors,United states,2
United states,College of letters and science,1
College of letters and science,United states,1
United states,Costa rica,1
Costa rica,United states,1
United states,Iraq,1
Iraq,United states,1
United states,Moldova,3
Moldova,United states,3
United states,Peru,1
Peru,United states,1
United states,Research institute of the evangelical lutheran church of finland,1
Research institute of the evangelical lutheran church of finland,United states,1
United states,South africa,3
South africa,United states,3
United states,Taiwan,2
Taiwan,United states,2
United states,Tajikistan,1
Tajikistan,United states,1
United states,United states,2378
United states,University of central asia,1
University of central asia,United states,1
United states,Uzbekistan,14
Uzbekistan,United states,14
United states,Viet nam,2
Viet nam,United states,2
Universidad de la sabana,Universidad de sevilla,1
Universidad de sevilla,Universidad de la sabana,1
University at albany state university of new york,University at albany state university of new york,1
University of florida,United states,1
United states,University of florida,1
University of guilan,Saint petersburg state university,1
Saint petersburg state university,University of guilan,1
University of guilan,University of tehran,1
University of tehran,University of guilan,1
University of haifa,Israel,1
Israel,University of haifa,1
University of minnesota,University of minnesota,1
University of north texas,University of north texas,1
University of pisa,University of calabria,1
University of calabria,University of pisa,1
University of tehran,Saint petersburg state university,1
Saint petersburg state university,University of tehran,1
University of tehran,University of tehran,3
University of washington,University of washington,1
Université robert schuman,Université robert schuman,1
Uniwersytet kazimierza wielkiego,Poland,2
Poland,Uniwersytet kazimierza wielkiego,2
Uniwersytet kazimierza wielkiego,Uniwersytet kazimierza wielkiego,1
Uppsala university,Uppsala university,1
Uruguay,Argentina,1
Argentina,Uruguay,1
Usa,Usa,3
Uzbekistan,Belarus,5
Belarus,Uzbekistan,5
Uzbekistan,France,2
France,Uzbekistan,2
Uzbekistan,Malaysia,2
Malaysia,Uzbekistan,2
Uzbekistan,Mongolia,1
Mongolia,Uzbekistan,1
Uzbekistan,Netherlands,1
Netherlands,Uzbekistan,1
Uzbekistan,Norway,5
Norway,Uzbekistan,5
Uzbekistan,Spain,5
Spain,Uzbekistan,5
Uzbekistan,Switzerland,3
Switzerland,Uzbekistan,3
Uzbekistan,Tajikistan,1
Tajikistan,Uzbekistan,1
Uzbekistan,Uzbekistan,70
Uzhhorod national university,Kyiv national university of trade and economics,1
Kyiv national university of trade and economics,Uzhhorod national university,1
Uzhhorod national university,National university lviv polytechnic,2
National university lviv polytechnic,Uzhhorod national university,2
Uzhhorod national university,National university odessa law academy,1
National university odessa law academy,Uzhhorod national university,1
Victoria university,Australia,1
Australia,Victoria university,1
Viet nam,Canada,1
Canada,Viet nam,1
Viet nam,Viet nam,16
Vologda institute of law and economics of federal penitentiary service of russia,Daffodil international university,1
Daffodil international university,Vologda institute of law and economics of federal penitentiary service of russia,1
Warsaw school for social psychology,Germany,1
Germany,Warsaw school for social psychology,1
World bank,Belgium,1
Belgium,World bank,1
World bank,United states,3
United states,World bank,3
York university,University of calabria,1
University of calabria,York university,1
York university,University of pisa,1
University of pisa,York university,1
Zimbabwe,Denmark,1
Denmark,Zimbabwe,1
États-unis d'amérique,United states,1
United states,États-unis d'amérique,1
Πανεπιστήμιο διεθνών σχέσεων,Πανεπιστήμιο διεθνών σχέσεων,1
